backend,n,min_ms,max_ms,mean_ms,median_ms,p95_ms,std_ms,ci95_low_ms,ci95_high_ms
legacy,24,130.858324,148.531718,139.931172,141.403032,144.443462,4.348053,138.191588,141.670755
token_stream,24,137.445342,156.301206,146.376539,146.955253,155.234645,5.198618,144.296658,148.456419
